{
	"type": "config",
	"id": "conf.service.snmp",
	"title": "SNMP",
	"queryinfo": {
		"xpath": "//services/snmp",
		"iterable": false
	},
	"properties": {
		"enable": {
			"type": "boolean",
			"default": false
		},
		"community": {
			"type": "string",
			"default": "public"
		},
		"syslocation": {
			"type": "string",
			"default": ""
		},
		"syscontact": {
			"type": "string",
			"default": ""
		},
		"version": {
			"type": "string",
			"enum": [ "2c", "3" ],
			"default": "2c"
		},
		"username": {
			"type": "string",
			"default": ""
		},
		"securitylevel": {
			"type": "string",
			"enum": [ "noauth", "auth", "priv" ],
			"default": "noauth"
		},
		"authtype": {
			"type": "string",
			"enum": [ "MD5", "SHA" ],
			"default": "MD5"
		},
		"authpassphrase": {
			"type": "string",
			"default": ""
		},
		"privtype": {
			"type": "string",
			"enum": [ "DES", "AES" ],
			"default": "DES"
		},
		"privpassphrase": {
			"type": "string",
			"default": ""
		},
		"extraoptions": {
			"type": "string",
			"default": ""
		},
		"trap": {
			"type": "object",
			"properties": {
				"enable": {
					"type": "boolean",
					"default": false
				},
				"community": {
					"type": "string",
					"default": "public"
				},
				"host": {
					"type": "string",
					"default": "localhost"
				},
				"port":{
					"type": "integer",
					"minimum": 1,
					"maximum": 65535,
					"default": 162
				}
			}
		}
	}
}
