{
	"type": "config",
	"id": "conf.system.usermngmnt.user",
	"title": "System user",
	"queryinfo": {
		"xpath": "//system/usermanagement/users/user",
		"iterable": true,
		"idproperty": "uuid"
	},
	"properties": {
		"uuid": {
			"type": "string",
			"format": "uuidv4"
		},
		"name": {
			"type": "string",
			"format": "username"
		},
		"email": {
			"type": "string",
			"oneOf": [{
				"type": "string",
				"format": "email"
			},{
				"type": "string",
				"maxLength": 0
			}]
		},
		"disallowusermod": {
			"type": "boolean",
			"default": false
		},
		"sshpubkeys": {
			"type": "object",
			"properties": {
				"sshpubkey": {
					"type": "array",
					"items": {
						"type": "string",
						"format": "sshpubkey-rfc4716"
					}
				}
			}
		}
	}
}
