{
	"type": "config",
	"id": "conf.service.rsync.job",
	"title": "Rsync job",
	"queryinfo": {
		"xpath": "//services/rsync/jobs/job",
		"iterable": true,
		"idproperty": "uuid"
	},
	"properties": {
		"uuid": {
			"type": "string",
			"format": "uuidv4"
		},
		"enable": {
			"type": "boolean",
			"default": false
		},
		"sendemail": {
			"type": "boolean",
			"default": false
		},
		"comment": {
			"type": "string",
			"default": ""
		},
		"type":{
			"type": "string",
			"enum": [ "local", "remote" ],
			"default": "local"
		},
		"src": {
			"type": "object",
			"properties": {
				"sharedfolderref": {
					"type": "string",
					"oneOf": [{
						"type": "string",
						"format": "uuidv4"
					},{
						"type": "string",
						"maxLength": 0
					}],
					"default": ""
				},
				"uri": {
					"type": "string",
					"default": ""
				}
			}
		},
		"dest": {
			"type": "object",
			"properties": {
				"sharedfolderref": {
					"type": "string",
					"oneOf": [{
						"type": "string",
						"format": "uuidv4"
					},{
						"type": "string",
						"maxLength": 0
					}],
					"default": ""
				},
				"uri": {
					"type": "string",
					"default": ""
				}
			}
		},
		"minute": {
			"type": "string",
			"pattern": "^[0-9]|1[0-9]|2[0-9]|3[0-9]|4[0-9]|5[0-9]|[*]$"
		},
		"everynminute": {
			"type": "boolean"
		},
		"hour": {
			"type": "string",
			"pattern": "^[0-9]|1[0-9]|2[0-3]|[*]$"
		},
		"everynhour": {
			"type":"boolean",
			"default": false
		},
		"month": {
			"type": "string",
			"pattern": "^[1-9]|1[0-2]|[*]$"
		},
		"dayofmonth": {
			"type": "string",
			"pattern": "^[1-9]|1[0-9]|2[0-9]|3[0-1]|[*]$"
		},
		"everyndayofmonth": {
			"type": "boolean",
			"default": false
		},
		"dayofweek": {
			"type": "string",
			"pattern": "^[1-7]|[*]$"
		},
		"optionrecursive": {
			"type": "boolean",
			"default": true
		},
		"optiontimes": {
			"type": "boolean",
			"default": true
		},
		"optiongroup": {
			"type": "boolean",
			"default": true
		},
		"optionowner": {
			"type": "boolean",
			"default": true
		},
		"optioncompress": {
			"type": "boolean",
			"default": false
		},
		"optionarchive": {
			"type": "boolean",
			"default": true
		},
		"optiondelete": {
			"type": "boolean",
			"default": false
		},
		"optionquiet": {
			"type":"boolean",
			"default": true
		},
		"optionperms": {
			"type": "boolean",
			"default": true
		},
		"optionacls": {
			"type": "boolean",
			"default": false
		},
		"optionxattrs":{
			"type": "boolean",
			"default": false
		},
		"optiondryrun": {
			"type": "boolean",
			"default": false
		},
		"optionpartial": {
			"type": "boolean",
			"default": false
		},
		"extraoptions": {
			"type": "string"
		},
		"mode": {
			"type": "string",
			"enum": [ "push", "pull" ],
			"default": "push"
		},
		"authentication": {
			"type": "string",
			"enum": [ "password", "pubkey" ],
			"default": "password"
		},
		"password": {
			"type": "string",
			"default": ""
		},
		"sshcertificateref": {
			"type": "string",
			"oneOf": [{
				"type": "string",
				"format": "uuidv4"
			},{
				"type": "string",
				"maxLength": 0
			}],
			"default": ""
		},
		"sshport": {
			"type": "integer",
			"minimum": 1,
			"maximum": 65535,
			"default": 22
		}
	}
}
