{
	"type": "config",
	"id": "conf.system.filesystem.quota",
	"queryinfo": {
		"xpath": "//system/storage/filesystem/quota",
		"iterable": true,
		"idproperty": "uuid"
	},
	"properties": {
		"uuid": {
			"type": "string",
			"format": "uuidv4"
		},
		"fsuuid": {
			"type": "string",
			"format": "fsuuid"
		},
		"usrquota": {
			"type": "array",
			"items": {
				"type": "object",
				"properties": {
					"name": {
						"type": "string"
					},
					"bsoftlimit": {
						"type": "integer",
						"minimum": 0
					},
					"bhardlimit": {
						"type": "string"
					},
					"isoftlimit": {
						"type": "integer",
						"minimum": 0
					},
					"ihardlimit": {
						"type": "integer",
						"minimum": 0
					}
				}
			}
		},
		"grpquota": {
			"type": "array",
			"items": {
				"type": "object",
				"properties": {
					"name": {
						"type": "string"
					},
					"bsoftlimit": {
						"type": "integer",
						"minimum": 0
					},
					"bhardlimit": {
						"type": "string"
					},
					"isoftlimit": {
						"type": "integer",
						"minimum": 0
					},
					"ihardlimit": {
						"type": "integer",
						"minimum": 0
					}
				}
			}
		}
	}
}
