{
	"type": "config",
	"id": "conf.service.smartmontools",
	"title": "S.M.A.R.T.",
	"queryinfo": {
		"xpath": "//services/smart",
		"iterable": false
	},
	"properties": {
		"enable": {
			"type": "boolean",
			"default": false
		},
		"interval":{
			"type": "integer",
			"minimum": 10,
			"default": 1800
		},
		"powermode": {
			"type": "string",
			"enum": [ "never", "sleep", "standby", "idle" ],
			"default": "never"
		},
		"tempdiff":{
			"type": "integer",
			"minimum": 0,
			"maximum": 255,
			"default": 0
		},
		"tempmax":{
			"type": "integer",
			"minimum": 0,
			"maximum": 255,
			"default": 0
		},
		"monitor": {
			"type": "object",
			"properties": {
				"device": {
					"type": "array",
					"items": {
						"type": "object",
						"properties": {
							"uuid": {
								"type": "string",
								"format": "uuidv4"
							},
							"devicefile": {
								"type": "string",
								"format": "devicefile",
								"default": ""
							},
							"enable": {
								"type": "boolean",
								"default": false
							},
							"devicetype": {
								"type": "string",
								"default": ""
							},
							"tempdiff":{
								"type": "integer",
								"minimum": 0,
								"maximum": 255,
								"default": 0
							},
							"tempmax":{
								"type": "integer",
								"minimum": 0,
								"maximum": 255,
								"default": 0
							}
						}
					}
				}
			}
		},
		"scheduledtests": {
			"type": "object",
			"properties": {
				"job": {
					"type": "array",
					"items": {
						"type": "object",
						"properties": {
							"uuid": {
								"type": "string",
								"format": "uuidv4"
							},
							"enable": {
								"type": "boolean",
								"default": true
							},
							"devicefile": {
								"type": "string",
								"format": "devicefile",
								"default": ""
							},
							"type": {
								"type": "string",
								"enum": [ "S", "L", "C", "O" ],
								"default": "S"
							},
							"hour": {
								"type": "string",
								"pattern": "^0[0-9]|1[0-9]|2[0-3]|[*]$"
							},
							"month": {
								"type": "string",
								"pattern": "^0[1-9]|1[0-2]|[*]$"
							},
							"dayofmonth": {
								"type": "string",
								"pattern": "^0[1-9]|1[0-9]|2[0-9]|3[0-1]|[*]$"
							},
							"dayofweek": {
								"type": "string",
								"pattern": "^[1-7]|[*]$"
							},
							"comment": {
								"type": "string",
								"default": ""
							}
						}
					}
				}
			}
		}
	}
}
