[{
	"type": "rpc",
	"id": "rpc.notification.setList",
	"params": {
		"type": "array",
		"items": {
			"type": "object",
			"properties": {
				"uuid":{
					"type": "string",
					"format": "uuidv4",
					"required": true
				},
				"id":{
					"type": "string",
					"required": true
				},
				"enable": {
					"type": "boolean",
					"required": true
				}
			}
		}
	}
},{
	"type": "rpc",
	"id": "rpc.notification.set",
	"params": {
		"type": "object",
		"properties": {
			"uuid":{
				"type": "string",
				"format": "uuidv4",
				"required": true
			},
			"id":{
				"type": "string",
				"required": true
			},
			"enable": {
				"type": "boolean",
				"required": true
			}
		}
	}
},{
	"type": "rpc",
	"id": "rpc.notification.isenabled",
	"params": {
		"type": "object",
		"properties": {
			"id": {
				"type": "string",
				"required": true
			}
		}
	}
}]
