[{
	"type": "rpc",
	"id": "rpc.config.applychanges",
	"params": {
		"type": "object",
		"properties": {
			"modules": {
				"type": "array",
				"items": {
					"type": "string"
				},
				"required": true
			},
			"force": {
				"type": "boolean",
				"required": true
			}
		}
	}
},{
	"type": "rpc",
	"id": "rpc.config.revertchanges",
	"params": {
		"type": "object",
		"properties": {
			"filename": {
				"type": "string",
				"required": false
			}
		}
	}
},{
	"type": "rpc",
	"id": "rpc.config.get",
	"params": {
		"type": "object",
		"properties": {
			"id": {
				"type": "string",
				"required": true
			},
			"uuid": {
			    "type": "string",
			    "format": "uuidv4",
			    "required": false
			}
		}
	}
},{
	"type": "rpc",
	"id": "rpc.config.set",
	"params": {
		"type": "object",
		"properties": {
			"id": {
				"type": "string",
				"required": true
			},
			"data": {
			    "type": "object",
				"properties": {},
			    "required": true
			}
		}
	}
},{
	"type": "rpc",
	"id": "rpc.config.delete",
	"params": {
		"type": "object",
		"properties": {
			"id": {
				"type": "string",
				"required": true
			},
			"uuid": {
			    "type": "string",
			    "format": "uuidv4",
			    "required": false
			}
		}
	}
}]
