[{
	"type": "rpc",
	"id": "rpc.powermgmt.set",
	"params": {
		"type": "object",
		"properties": {
			"cpufreq": {
				"type": "boolean",
				"required": true
			},
			"powerbtn": {
				"type": "string",
				"required": true,
				"enum": [ "nothing", "shutdown", "standby" ]
			}
		}
	}
},{
	"type": "rpc",
	"id": "rpc.powermgmt.setscheduledjob",
	"params": {
		"type": "object",
		"properties": {
			"uuid": {
				"type": "string",
				"format": "uuidv4",
				"required": true
			},
			"enable": {
				"type": "boolean",
				"required": true
			},
			"type": {
				"type": [ "string", "null" ],
				"required": true,
				"enum": [ "reboot", "shutdown", "standby" ]
			},
			"execution": {
				"type": "string",
				"required": true,
				"enum": [
					"exactly",
					"hourly",
					"daily",
					"weekly",
					"monthly",
					"yearly"
				]
			},
			"minute": {
				"type": "array",
				"items": {
					"type": "string",
					"oneOf": [{
						"type": "string",
						"enum": [ "*" ]
					},{
						"type": "string",
						"pattern": "^[0-9]|[1-5][0-9]$"
					}]
				},
				"required": true
			},
			"everynminute": {
				"type": "boolean",
				"required": true
			},
			"hour": {
				"type": "array",
				"items": {
					"type": "string",
					"oneOf": [{
						"type": "string",
						"enum": [ "*" ]
					},{
						"type": "string",
						"pattern": "^[0-9]|1[0-9]|2[0-3]$"
					}]
				},
				"required": true
			},
			"everynhour": {
				"type": "boolean",
				"required": true
			},
			"month": {
				"type": "array",
				"items": {
					"type": "string",
					"oneOf": [{
						"type": "string",
						"enum": [ "*" ]
					},{
						"type": "string",
						"pattern": "^[1-9]|1[0-2]$"
					}]
				},
				"required": true
			},
			"dayofmonth": {
				"type": "array",
				"items": {
					"type": "string",
					"oneOf": [{
						"type": "string",
						"enum": [ "*" ]
					},{
						"type": "string",
						"pattern": "^[1-9]|[12][0-9]|3[01]$"
					}]
				},
				"required": true
			},
			"everyndayofmonth": {
				"type": "boolean",
				"required": true
			},
			"dayofweek": {
				"type": "array",
				"items": {
					"type": "string",
					"oneOf": [{
						"type": "string",
						"enum": [ "*" ]
					},{
						"type": "string",
						"pattern": "^[1-7]$"
					}]
				},
				"required": true
			},
			"comment": {
				"type": "string",
				"required": true
			}
		}
	}
}]
