{
	"type": "config",
	"id": "conf.service.tftp",
	"title": "TFTP",
	"queryinfo": {
		"xpath": "//services/tftp",
		"iterable": false
	},
	"properties": {
		"enable": {
			"type": "boolean",
			"default": false
		},
		"port": {
			"type": "integer",
			"minimum": 1,
			"maximum": 65535,
			"default": 69
		},
		"retransmit": {
			"type": "integer",
			"minimum": 0,
			"default": 1000000
		},
		"blocksize": {
			"type": "integer",
			"minimum": 512,
			"maximum": 65464,
			"default": 512
		},
		"allownewfiles": {
			"type": "boolean",
			"default": false
		},
		"sharedfolderref": {
			"type": "string",
			"oneOf": [{
				"type": "string",
				"format": "uuidv4"
			},{
				"type": "string",
				"maxLength": 0
			}]
		},
		"extraoptions": {
			"type": "string",
			"default": ""
		}
	}
}
